#n,#batched,#slow
1,0.000024,0.000000
2,0.000039,0.000000
3,0.000086,0.000001
4,0.000077,0.000002
5,0.000186,0.000001
6,0.000166,0.000002
7,0.000163,0.000002
8,0.000150,0.000002
9,0.000323,0.000002
10,0.000417,0.000009
11,0.000521,0.000004
12,0.000469,0.000006
13,0.000461,0
14,0.000490,0
15,0.000479,0
16,0.000617,0
17,0.000680,0
18,0.000719,0
19,0.001043,0
