#n,#batched,#slow
1,0.002930,0.000041
2,0.005218,0.000082
3,0.010228,0.000391
4,0.033337,0.000540
5,0.095208,0.000758
6,0.071228,0.003310
7,0.066179,0.003250
8,0.065649,0.003754
9,0.168260,0.004038
10,0.134358,0.004683
11,0.134724,0.005328
12,0.140767,0.005730
13,0.306490,0.062730
14,0.554931,0.037063
